Allah,noun,"""(Al Quran 42:11) There is nothing like Him"""
Assure,verb,tell someone something positively or confidently to dispel any doubts they may have.
Assumption,noun,"a thing that is accepted as true or as certain to happen, without proof."
Attribute,noun,a quality or feature regarded as a characteristic or inherent part of someone or something.
Ape,noun,"a large primate that lacks a tail, including the gorilla, chimpanzees, orangutan, and gibbons."
Ash,noun,the powdery residue left after the burning of a substance.
Ambitious,adjective,having or showing a strong desire and determination to succeed.
Aesthetic,noun,a set of principles underlying and guiding the work of a particular artist or artistic movement.
Allure,noun,the quality of being powerfully and mysteriously attractive or fascinating.
Anomaly,noun,"something that deviates from what is standard, normal, or expected."
Atrocious,adjective,horrifyingly wicked.
Abbreviate,verb,"to shorten (a word or phrase) by omitting letters, substituting shorter forms."
Asexual,adjective,"not involving sexual activity, feelings, or associations; nonsexual."
Acupuncture,noun,"a system of integrative medicine that involves pricking the skin or tissues with needles, used to alleviate pain and to treat various physical, mental, and emotional conditions. Originating in ancient China, acupuncture is now widely practiced in the West."
Ability,noun,possession of the means or skill to do something.
Arbritary,adjective,"based on random choice or personal whim, rather than any reason or system."
Acknowledge,verb,accept or admit the existence or truth of.
Attrition,noun,the action or process of gradually reducing the strength or effectiveness of someone or something through sustained attack or pressure.
Arabic,noun,"the Semitic language of the Arabs, spoken by some 150 million people throughout the Middle East and North Africa."
Amorous,adjective,"showing, feeling, or relating to sexual desire."
Abdominal,noun,an abdominal muscle.
Ark,noun,a boat or ship held to resemble that in which Noah and his family were preserved from the Flood.
Apple,noun,"the round fruit of a tree of the rose family, which typically has thin red or green skin and crisp flesh."
Ammend,noun,to put right especially
Ask,verb,say something in order to obtain an answer or some information.
Ailment,noun,"an illness, typically a minor one."
Agility,noun,ability to move quickly and easily.
America,noun,Short for the United States of America.
Affection,noun,a gentle feeling of fondness or liking.
Adore,verb,to love intensely
Affable,adjective,friendly
Acquire,verb,buy or obtain (an asset or object) for oneself.
Afternoon,noun,the time from noon or lunchtime to evening.
Animation,noun,the technique of photographing successive drawings or positions of puppets or models to create an illusion of movement when the movie is shown as a sequence.
Addiction,noun,"the fact or condition of being addicted to a particular substance, thing, or activity."
Alcohol,noun,"a colorless volatile flammable liquid that is produced by the natural fermentation of sugars and is the intoxicating constituent of wine, beer, spirits, and other drinks, and is also used as an industrial solvent and as fuel."
Alcoholic,adjective,a chronic disease characterised by uncontrolled drinking and preoccupation with alcohol.
Alcoholism,noun,the medical condition caused by drinking too much alcohol regularly.
Adventure,noun,"an unusual and exciting, typically hazardous, experience or activity."
Allegory,noun,"a story, poem, or picture that can be interpreted to reveal a hidden meaning, typically a moral or political one."
Beach,noun,"a pebbly or sandy shore, especially by the ocean between high- and low-water marks."
Beautiful,adjective,pleasing the senses or mind aesthetically.
Ballistic,adjective,relating to projectiles or their flight.
Barrage,noun,"military the firing of artillery to saturate an area, either to protect against an attack or to support an advance"
Base,noun,the bottom support of anything; that on which a thing stands or rests
Black,adjective,characterized by absence of light; enveloped in darkness
Bounce,verb,to spring back from a surface in a lively manner
Bracket,noun,"a support, as of metal or wood, projecting from a wall or the like to hold or bear the weight of a shelf, part of a cornice, etc."
Born,adjective,brought forth by birth.
Birth,noun,an act or instance of being born:
Brick,noun,"a block of clay hardened by drying in the sun or burning in a kiln, and used for building, paving, etc.: traditionally, in the United States, a rectangle 2.25 × 3.75 × 8 inches (5.7 × 9.5 × 20.3 centimeters), red, brown, or yellow in color."
Bar,noun,"a long rod or rigid piece of wood, metal, or similar material, typically used as an obstruction, fastening, or weapon."
Barn,noun,"a large farm building used for storing grain, hay, or straw or for housing livestock."
Back,noun,the rear surface of the human body from the shoulders to the hips.
Baby,noun,"a very young child, especially one newly or recently born."
Ball,noun,"a solid or hollow spherical or egg-shaped object that is kicked, thrown, or hit in a game."
Bethroted,noun,the person to whom one is engaged.
Bleach,noun,a chemical (typically a solution of sodium hypochlorite or hydrogen peroxide) used to whiten or sterilize materials.
Blizzard,noun,a severe snowstorm with high winds and low visibility.
Blister,noun,"a small bubble on the skin filled with serum and caused by friction, burning, or other damage."
Bell,noun,"a hollow object, typically made of metal and having the shape of a deep inverted cup widening at the lip, that sounds a clear musical note when struck, typically by means of a clapper inside."
Basalt,noun,"a dark, fine-grained volcanic rock that sometimes displays a columnar structure. It is typically composed largely of plagioclase with pyroxene and olivine."
Break,verb,"separate or cause to separate into pieces as a result of a blow, shock, or strain."
Bomb,noun,"a container filled with explosive, incendiary material, smoke, gas, or other destructive substance, designed to explode on impact or when detonated by a time mechanism, remote-control device, or lit fuse."
Blasphemy,noun,the act or offense of speaking sacrilegiously about Allah or sacred things; profane talk.
Bend,verb,shape or force (something straight) into a curve or angle.
Blissful,adjective,extremely happy; full of joy.
Bisexual,adjective,sexually attracted not exclusively to people of one particular gender; attracted to both men and women.
Beast,noun,"an animal, especially a large or dangerous four-footed one."
Breast,noun,"either of the two soft, protruding organs on the upper front of a woman's body that secrete milk after pregnancy."
Bird,noun,"a warm-blooded egg-laying vertebrate distinguished by the possession of feathers, wings, and a beak and (typically) by being able to fly."
Bunny,noun,"a rabbit, especially a young one."
Brunch,noun,a late morning meal eaten instead of breakfast and lunch.
Breakfast,noun,"a meal eaten in the morning, the first of the day."
Bin,noun,a receptacle for storing a specified substance.
Bull,noun,an uncastrated male bovine animal.
Bully,noun,a person who habitually seeks to harm or intimidate those whom they perceive as vulnerable.
Bread,noun,"food made of flour, water, and yeast or another leavening agent, mixed together and baked."
Brush,noun,"an implement with a handle, consisting of bristles, hair, or wire set into a block, used for cleaning or scrubbing, applying a liquid or powder to a surface, arranging the hair, or other purposes."
Binus,noun,"The #1 University in Indonesia, especially Binus Senayan, on god  no cap on a stack, frfr"
Couch,noun,a long upholstered piece of furniture for several people to sit on.
Calculus,noun,"the branch of mathematics that deals with the finding and properties of derivatives and integrals of functions, by methods originally based on the summation of infinitesimal differences."
Callus,noun,"a thickened and hardened part of the skin or soft tissue, especially in an area that has been subjected to friction."
Climax,noun,"the most intense, exciting, or important point of something; a culmination or apex."
Climate,noun,the weather conditions prevailing in an area in general or over a long period.
Clover,noun,"a herbaceous plant of the pea family that has dense, globular flower heads, and leaves that are typically three-lobed. It is an important and widely grown fodder and rotational crop."
Chimera,noun,"(in Greek mythology) a fire-breathing female monster with a lion's head, a goat's body, and a serpent's tail."
Crimson,adjective,of a rich deep red color inclining to purple.
Cripple,verb,cause severe and disabling damage to; deprive of the ability to function normally.
Crisp,adjective,"firm, dry, and brittle, especially in a way considered pleasing or attractive."
Christian,adjective,relating to or professing Christianity or its teachings.
Calculator,noun,"something used for making mathematical calculations, in particular a small electronic device with a keyboard and a visual display."
Creative,adjective,"relating to or involving the imagination or original ideas, especially in the production of an artistic work."
Crack,noun,a line on the surface of something along which it has split without breaking into separate parts.
Click,verb,select (an option on an electronic interface) by pressing a button or touching a screen.
Claustrophobic,noun,a person with an extreme or irrational fear of confined spaces.
Collateral,noun,"something pledged as security for repayment of a loan, to be forfeited in the event of a default."
Camera,noun,"a device for recording visual images in the form of photographs, film, or video signals."
Car,noun,a four-wheeled road vehicle that is powered by an engine and is able to carry a small number of people.
Crystal,noun,a piece of a homogeneous solid substance having a natural geometrically regular form with symmetrically arranged plane faces.
Calamity,noun,an event causing great and often sudden damage or distress; a disaster.
Cookie,noun,"a small sweet cake, typically round and flat and having a crisp or chewy texture."
Castrate,verb,remove the testicles of (a male animal or man).
Correlate,verb,"have a mutual relationship or connection, in which one thing affects or depends on another."
Chemistry,noun,"the branch of science that deals with the identification of the substances of which matter is composed; the investigation of their properties and the ways in which they interact, combine, and change; and the use of these processes to form new substances."
Crush,verb,"compress or squeeze forcefully so as to break, damage, or distort in shape."
Compound,noun,a thing that is composed of two or more separate elements; a mixture.
Cranky,adjective,ill-tempered.
Can,verb,be able to.
Clap,verb,"strike the palms of (one's hands) together repeatedly, typically in order to applaud someone or something."
Creep,verb,move slowly and carefully in order to avoid being heard or noticed.
Connect,verb,bring together or into contact so that a real or notional link is established.
Continue,verb,persist in an activity or process.
Cope,verb,(of a person) deal effectively with something difficult.
Cringe,verb,bend one's head and body in fear or in a servile manner.
Clingy,adjective,tending to stay very close to someone
Carrot,noun,a tapering orange-colored root eaten as a vegetable.
Cinema,noun,a theater where movies are shown for public entertainment; a movie theater.
Cheese,noun,a food made from the pressed curds of milk.
Cabbage,noun,"a cultivated plant eaten as a vegetable, having thick green or purple leaves surrounding a spherical heart or head of young leaves."
Destroy,verb,put an end to the existence of (something) by damaging or attacking it.
Disinfect,verb,"clean (something), especially with a chemical, in order to destroy bacteria."
Disintegrate,verb,"break up into small parts, typically as the result of impact or decay."
Disaster,noun,"a sudden event, such as an accident or a natural catastrophe, that causes great damage or loss of life."
Dalmation,noun,"a dog of a white, short-haired breed with dark spots."
Drink,verb,take (a liquid) into the mouth and swallow.
Drown,verb,die through submersion in and inhalation of water.
Drip,verb,let fall or be so wet as to shed small drops of liquid.
Dart,noun,a small pointed missile that can be thrown or fired.
Dump,verb,a site for depositing garbage.
Dull,adjective,lacking interest or excitement.
Doll,noun,"a small model of a human figure, typically one of a baby or girl, used as a child's toy."
Dark,adjective,with little or no light.
Dinosaur,noun,"a fossil reptile of the Mesozoic era, in many species reaching an enormous size."
Dreadful,adjective,"causing or involving great suffering, fear, or unhappiness; extremely bad or serious."
Duck,noun,"a waterbird with a broad blunt bill, short legs, webbed feet, and a waddling gait."
Develop,verb,"grow or cause to grow and become more mature, advanced, or elaborate."
Disastrous,adjective,causing great damage.
Doctor,noun,a qualified practitioner of medicine; a physician.
Dim,adjective,"(of a light, color, or illuminated object) not shining brightly or clearly."
Dopamine,noun,a compound present in the body as a neurotransmitter and a precursor of other substances including epinephrine.
Dossier,noun,"a collection of documents about a particular person, event, or subject."
Dormant,adjective,(of an animal) having normal physical functions suspended or slowed down for a period of time; in or as if in a deep sleep.
Domestic,adjective,relating to the running of a home or to family relations.
Dill,noun,"an aromatic annual herb of the parsley family, with fine blue-green leaves and yellow flowers. The leaves and seeds of dill are used for flavoring and for medicinal purposes."
Drape,noun,arrange (cloth or clothing) loosely or casually on or around something.
Drunk,adjective,affected by alcohol to the extent of losing control of one's faculties or behavior.
Dorm,noun,a dormitory.
Dare,verb,have the courage to do something.
Dream,noun,"a series of thoughts, images, and sensations occurring in a person's mind during sleep."
Dry,adjective,free from moisture or liquid; not wet or moist.
Dilute,verb,make (a liquid) thinner or weaker by adding water or another solvent to it.
Dork,noun,"a contemptible, socially inept person."
Dean,noun,the head of a college or university faculty or department.
Diminish,verb,make or become less.
Dope,noun,"a drug taken illegally for recreational purposes, especially marijuana or heroin."
Denial,noun,the action of declaring something to be untrue.
Dinner,noun,"the main meal of the day, taken either around midday or in the evening."
Different,adjective,"not the same as another or each other; unlike in nature, form, or quality."
Draw,verb,"produce (a picture or diagram) by making lines and marks, especially with a pen or pencil, on paper."
Erection,noun,"an enlarged and rigid state of the penis, typically in sexual excitement."
Enormous,adjective,"very large in size, quantity, or extent."
Embellish,verb,make (something) more attractive by the addition of decorative details or features.
Euphoria,noun,a feeling or state of intense excitement and happiness.
Ecstasy,noun,an overwhelming feeling of great happiness or joyful excitement.
Elongate,verb,"make (something) longer, especially unusually so in relation to its width."
Emotion,noun,"a natural instinctive state of mind deriving from one's circumstances, mood, or relationships with others."
Emboss,verb,"carve, mold, or stamp a design on (a surface or object) so that it stands out in relief."
Elect,verb,choose (someone) to hold public office or some other position by voting.
Enclosed,adjective,surrounded or closed off on all sides.
Envelope,noun,"a flat paper container with a sealable flap, used to enclose a letter or document."
Evaporate,verb,turn from liquid into vapor.
Enchant,verb,fill (someone) with great delight; charm.
Eradicate,verb,destroy completely; put an end to.
Egg,noun,"an oval or round object laid by a female bird, reptile, fish, or invertebrate, usually containing a developing embryo. The eggs of birds are enclosed in a chalky shell, while those of reptiles are in a leathery membrane."
Episode,noun,an event or a group of events occurring as part of a larger sequence; an incident or period considered in isolation.
Enhance,verb,"intensify, increase, or further improve the quality, value, or extent of."
Embryo,noun,"an unborn or unhatched offspring in the process of development, in particular a human offspring during the period from approximately the second to the eighth week after fertilization (after which it is usually termed a fetus)."
Evolution,noun,the process by which different kinds of living organisms are thought to have developed and diversified from earlier forms during the history of the earth.
Embarrass,verb,"cause (someone) to feel awkward, self-conscious, or ashamed."
Eccentric,adjective,(of a person or their behavior) unconventional and slightly strange.
Elope,verb,"run away secretly in order to get married, especially without parental consent."
Electric,noun,"of, worked by, charged with, or producing electricity."
Escape,verb,break free from confinement or control.
Eternity,noun,infinite or unending time.
Effort,noun,a vigorous or determined attempt.
Efficiency,noun,the state or quality of being efficient.
Eagle,noun,"a large bird of prey with a massive hooked bill and long broad wings, renowned for its keen sight and powerful soaring flight."
Effigy,noun,a sculpture or model of a person.
Epoxy,noun,"any of a class of adhesives, plastics, or other materials that are polymers of epoxides."
Elaborate,verb,"develop or present (a theory, policy, or system) in detail."
Explain,verb,"make (an idea, situation, or problem) clear to someone by describing it in more detail or revealing relevant facts or ideas."
Eternal,adjective,lasting or existing forever; without end or beginning.
Endorphin,noun,"any of a group of hormones secreted within the brain and nervous system and having a number of physiological functions. They are peptides which activate the body's opiate receptors, causing an analgesic effect."
Eunuch,noun,"a man who has been castrated, especially (in the past) one employed to guard the women's living areas at an oriental court."
Extensive,adjective,covering or affecting a large area.
Executive,noun,a person with senior managerial responsibility in a business organization.
Effective,adjective,successful in producing a desired or intended result.
Eyes,noun,"each of a pair of globular organs in the head through which people and vertebrate animals see, the visible part typically appearing almond-shaped in animals with eyelids."
Expansion,noun,the action of becoming larger or more extensive.
Finger,noun,"each of the four slender jointed parts attached to either hand (or five, if the thumb is included)."
Froth,noun,"a mass of small bubbles in liquid caused by agitation, fermentation, etc.; foam."
Frost,noun,a deposit of small white ice crystals formed on the ground or other surfaces when the temperature falls below freezing.
Foster,verb,"encourage or promote the development of (something, typically something regarded as good)."
Flag,noun,"a piece of cloth or similar material, typically oblong or square, attachable by one edge to a pole or rope and used as the symbol or emblem of a country or institution or as a decoration during public festivities."
Feast,verb,"a large meal, typically one in celebration of something."
Flamboyant,adjective,"(of a person or their behavior) tending to attract attention because of their exuberance, confidence, and stylishness."
Fuming,adjective,"feeling, showing, or expressing great anger."
Fracture,noun,the cracking or breaking of a hard object or material.
Freak,noun,a very unusual and unexpected event or situation.
Faggot,noun,a gay man.
Facial,verb,"""I gave her a facial"""
Flower,noun,"the seed-bearing part of a plant, consisting of reproductive organs (stamens and carpels) that are typically surrounded by a brightly colored corolla (petals) and a green calyx (sepals)."
Ferment,verb,(of a substance) undergo fermentation.
Floppy,adjective,"tending to hang or move in a limp, loose, or ungainly way."
Father,noun,a man in relation to his child or children.
Flame,noun,a hot glowing body of ignited gas that is generated by something on fire.
Fellow,noun,a man or boy.
French,adjective,relating to France or its people or language.
Friend,noun,"a person whom one knows and with whom one has a bond of mutual affection, typically exclusive of sexual or family relations."
Fuss,verb,show unnecessary or excessive concern about something.
Forest,noun,a large area covered chiefly with trees and undergrowth.
Famous,adjective,known about by many people.
Famine,noun,extreme scarcity of food.
Former,adjective,having previously filled a particular role or been a particular thing.
Flushed,adjective,(of a person) excited or elated by something.
Fund,verb,provide with money for a particular purpose.
Funeral,noun,"the ceremonies honoring a dead person, typically involving burial or cremation."
Fierce,adjective,having or displaying an intense or ferocious aggressiveness.
Formal,adjective,done in accordance with rules of convention or etiquette; suitable for or constituting an official or important situation or occasion.
Force,noun,strength or energy as an attribute of physical action or movement.
Flight,noun,the action or process of flying through the air.
Factory,noun,a building or group of buildings where goods are manufactured or assembled chiefly by machine.
Failed,adjective,(of an undertaking or a relationship) not achieving its end or not lasting; unsuccessful.
Feces,noun,waste matter discharged from the bowels after food has been digested; excrement.
Figure,noun,"a number, especially one which forms part of official statistics or relates to the financial performance of a company."
Fiscal,noun,a legal or treasury official in some countries.
Fables,noun,"a short story, typically with animals as characters, conveying a moral."
Fairy,noun,"a small imaginary being of human form that has magical powers, especially a female one."
Fair,adjective,in accordance with the rules or standards; legitimate.
Ginormous,adjective,extremely large; enormous.
Gas,noun,"a substance or matter in a state in which it will expand freely to fill the whole of a container, having no fixed shape (unlike a solid) and no fixed volume (unlike a liquid)."
Geek,noun,an unfashionable or socially inept person.
Glamorous,adjective,having glamour.
Gross,adjective,(especially of wrongdoing) very obvious and unacceptable; blatant.
Glide,verb,"move with a smooth continuous motion, typically with little noise."
Great,adjective,"of an extent, amount, or intensity considerably above the normal or average."
Gore,noun,"blood that has been shed, especially as a result of violence."
Gallop,verb,(of a horse) go at the pace of a gallop.
Genius,noun,exceptional intellectual or creative power or other natural ability.
Grovel,verb,lie or crawl abjectly on the ground with one's face downward.
Gender,noun,"either of the two sexes (male and female), especially when considered with reference to social and cultural differences rather than biological ones. The term is also used more broadly to denote a range of identities that do not correspond to established ideas of male and female."
Guilty,adjective,culpable of or responsible for a specified wrongdoing.
Golden,adjective,colored or shining like gold.
Garden,noun,"a small piece of ground used to grow vegetables, fruit, herbs, or flowers."
Growth,noun,the process of increasing in physical size.
Game,noun,"a form of play or sport, especially a competitive one played according to rules and decided by skill, strength, or luck."
Grand,adjective,"magnificent and imposing in appearance, size, or style."
Gland,noun,an organ in the human or animal body which secretes particular chemical substances for use in the body or for discharge into the surroundings.
Gastric,adjective,of the stomach.
Gone,adjective,no longer present; departed.
Gastronomy,noun,"the practice or art of choosing, cooking, and eating good food."
Girl,noun,a female child.
Guilt,noun,the fact of having committed a specified or implied offense or crime.
Gospel,noun,the teaching or revelation of Christ.
Gravity,noun,"the force that attracts a body toward the center of the earth, or toward any other physical body having mass."
General,adjective,"affecting or concerning all or most people, places, or things; widespread."
Government,noun,"the governing body of a nation, state, or community."
Grope,verb,feel about or search blindly or uncertainly with the hands.
Ginger,adjective,(chiefly of hair or fur) of a light reddish-yellow or orange-brown color.
Garlic,noun,"a strong-smelling pungent-tasting bulb, used as a flavoring in cooking and in herbal medicine."
Ghost,noun,"an apparition of a dead person which is believed to appear or become manifest to the living, typically as a nebulous image."
Goose,noun,"a large waterbird with a long neck, short legs, webbed feet, and a short broad bill. Generally geese are larger than ducks and have longer necks and shorter bills."
Giant,adjective,of very great size or force; gigantic.
Gastronomic,adjective,relating to the practice of cooking or eating good food.
Germane,adjective,relevant to a subject under consideration.
Galaxy,noun,"a system of millions or billions of stars, together with gas and dust, held together by gravitational attraction."
Galactic,adjective,"relating to a galaxy or galaxies, especially the Milky Way galaxy."
Germ,noun,"a microorganism, especially one which causes disease."
Grasp,verb,to take or seize
Hospitality,noun,"the friendly and generous reception and entertainment of guests, visitors, or strangers."
Home,noun,"the place where one lives permanently, especially as a member of a family or household"
Hard,adjective,"solid, firm, and rigid; not easily broken, bent, or pierced."
Harmful,adjective,causing or likely to cause harm.
Hire,verb,employ (someone) for wages.
Horny,adjective,feeling or arousing sexual excitement.
Hierarchy,noun,a system or organization in which people or groups are ranked one above the other according to status or authority.
Hair,noun,"any of the fine threadlike strands growing from the skin of humans, mammals, and some other animals."
Horse,noun,"a large plant-eating domesticated mammal with solid hoofs and a flowing mane and tail, used for riding, racing, and to carry and pull loads."
Hazard,noun,a danger or risk.
Humanitarian,adjective,concerned with or seeking to promote human welfare.
Hyper,adjective,hyperactive or unusually energetic.
Homophobe,noun,a person with a dislike of or prejudice against gay people.
Herb,noun,"any plant with leaves, seeds, or flowers used for flavoring, food, medicine, or perfume."
Hypnosis,noun,"the induction of a state of consciousness in which a person apparently loses the power of voluntary action and is highly responsive to suggestion or direction. Its use in therapy, typically to recover suppressed memories or to allow modification of behavior by suggestion, has been revived but is still controversial."
Haemoglobin,noun,"a red protein responsible for transporting oxygen in the blood of vertebrates. Its molecule comprises four subunits, each containing an iron atom bound to a heme group."
Hieroglyph,noun,"a stylized picture of an object representing a word, syllable, or sound, as found in ancient Egyptian and other writing systems."
Hindrance,noun,"a thing that provides resistance, delay, or obstruction to something or someone."
Horrific,adjective,causing horror.
Helicopter,noun,"a type of aircraft which derives both lift and propulsion from one or more sets of horizontally revolving overhead rotors. It is capable of moving vertically and horizontally, the direction of motion being controlled by the pitch of the rotor blades."
Haram,adjective,forbidden or proscribed by Islamic law.
Hemorrhage,noun,"an escape of blood from a ruptured blood vessel, especially when profuse."
Honorific,adjective,"(of an office or position) given as a mark of respect, but having few or no duties."
Hell,noun,"a place regarded in various religions as a spiritual realm of evil and suffering, often traditionally depicted as a place of perpetual fire beneath the earth where the wicked are punished after death."
Hydrophilic,adjective,"having a tendency to mix with, dissolve in, or be wetted by water."
High,adjective,of great vertical extent.
Hydrophobic,adjective,tending to repel or fail to mix with water.
Hypocrite,noun,a person who indulges in hypocrisy.
History,noun,"the study of past events, particularly in human affairs."
Hump,noun,a rounded raised mass of earth or land.
Hospital,noun,an institution providing medical and surgical treatment and nursing care for sick or injured people.
Happy,adjective,feeling or showing pleasure or contentment.
Hat,noun,"a shaped covering for the head worn for warmth, as a fashion item, or as part of a uniform."
Harness,noun,"a set of straps and fittings by which a horse or other draft animal is fastened to a cart, plow, etc. and is controlled by its driver."
Hobbit,noun,"a member of an imaginary race similar to humans, of small size and with hairy feet, in stories by J. R. R. Tolkien."
Hiss,verb,make a sharp sibilant sound as of the letter s.
Hug,verb,"squeeze (someone) tightly in one's arms, typically to express affection."
Hummus,noun,"the organic component of soil, formed by the decomposition of leaves and other plant material by soil microorganisms."
Hike,verb,"walk for a long distance, especially across country or in the woods."
Hitch,verb,move (something) into a different position with a jerk.
Indonesia,noun,The country Indonesia
Islam,noun,"the religion of the Muslims, a monotheistic faith regarded as revealed through Muhammad as the Prophet of Allah."
Intent,noun,intention or purpose.
Island,noun,a mass of land that is surrounded by water and is smaller than a continent.
International,adjective,"existing, occurring, or carried on between two or more nations."
Intern,noun,"a student or trainee who works, sometimes without pay, at a trade or occupation in order to gain work experience."
Interest,noun,the state of wanting to know or learn about something or someone.
Idealistic,adjective,characterized by idealism; unrealistically aiming for perfection.
Idiom,noun,a group of words established by usage as having a meaning not deducible from those of the individual words
Icon,noun,a person or thing regarded as a representative symbol or as worthy of veneration.
Illustrious,adjective,"well known, respected, and admired for past achievements."
Imminent,adjective,about to happen.
Impatient,adjective,having or showing a tendency to be quickly irritated or provoked.
Impending,adjective,(of an event regarded as threatening or significant) about to happen; forthcoming.
Impenetrable,adjective,impossible to pass through or enter.
Impresive,adjective,"evoking admiration through size, quality, or skill; grand, imposing, or awesome."
Imperial,adjective,relating to an empire.
Impregnate,verb,make (a woman or female animal) pregnant.
Impudence,noun,the quality of being impudent; impertinence.
Incendiary,adjective,(of a device or attack) designed to cause fires.
Incognito,adjective,(of a person) having one's true identity concealed.
Inconspicuous,adjective,not clearly visible or attracting attention; not conspicuous.
Increase,verb,"become or make greater in size, amount, intensity, or degree."
Indifferent,adjective,having no particular interest or sympathy; unconcerned.
Inevitable,adjective,certain to happen; unavoidable.
Infinite,adjective,"limitless or endless in space, extent, or size; impossible to measure or calculate."
Infamous,adjective,well known for some bad quality or deed.
Inherent,adjective,"existing in something as a permanent, essential, or characteristic attribute."
Interface,noun,"a point where two systems, subjects, organizations, etc. meet and interact."
Innovative,adjective,"(of a product, idea, etc.) featuring new methods; advanced and original."
Irrational,adjective,not logical or reasonable.
Irritate,verb,"make (someone) annoyed, impatient, or angry."
Introvert,noun,"a shy, reticent person."
Insane,adjective,"in a state of mind which prevents normal perception, behavior, or social interaction; seriously mentally ill."
Insurgent,noun,a rebel or revolutionary.
Idle,verb,spend time doing nothing.
Intelligent,adjective,"having or showing intelligence, especially of a high level."
Intimate,adjective,"closely acquainted; familiar, close."
Irrelevant,adjective,not relevant
Itinerary,noun,a planned route or journey.
Justification,noun,the action of showing something to be right or reasonable.
Jockey,noun,"a person who rides in horse races, especially as a profession."
Jester,noun,"a professional joker or “fool” at a medieval court, typically wearing a cap with bells on it and carrying a mock scepter."
Joker,noun,a person who is fond of joking.
Jukebox,noun,a machine that automatically plays a selected musical recording when a coin is inserted.
Journal,noun,a newspaper or magazine that deals with a particular subject or professional activity.
Jetlag,noun,extreme tiredness and other physical effects felt by a person after a long flight across several time zones.
Junction,noun,a point where two or more things are joined.
Juggle,verb,"continuously toss into the air and catch (a number of objects) so as to keep at least one in the air while handling the others, typically for the entertainment of others."
Juice,noun,the liquid obtained from or present in fruit or vegetables.
Jackpot,noun,"a large cash prize in a game or lottery, especially one that accumulates until it is won."
Juggernaut,noun,"a huge, powerful, and overwhelming force or institution."
Jahanam,noun," Islamic concept of hell, where unfaithful Muslims not true to their religion will be punished, but will eventually be forgiven."
Jolt,verb,push or shake (someone or something) abruptly and roughly.
Jarring,adjective,incongruous in a striking or shocking way; clashing.
Jazz,verb,play or dance to jazz music.
Jewelry,noun,"personal ornaments, such as necklaces, rings, or bracelets, that are typically made from or contain jewels and precious metal."
Judge,noun,a public official appointed to decide cases in a court of law.
Judicious,adjective,"having, showing, or done with good judgment or sense."
Jury,noun,a body of people (typically twelve in number) sworn to give a verdict in a legal case on the basis of evidence submitted to them in court.
Jurisdiction,noun,the official power to make legal decisions and judgments.
Justice,noun,just behavior or treatment.
Jeopardizing,verb,"put (someone or something) into a situation in which there is a danger of loss, harm, or failure."
Jealous,adjective,feeling or showing envy of someone or their achievements and advantages.
Jellyfish,noun,a free-swimming marine coelenterate with a gelatinous bell- or saucer-shaped body that is typically transparent and has stinging tentacles around the edge.
Jaculate,verb,to throw or hurl forward
Jailbreak,noun,an escape from jail.
Juvenile,adjective,"of, for, or relating to young people."
Journalism,noun,"the activity or profession of writing for newspapers, magazines, or news websites or preparing news to be broadcast."
Jolly,adjective,happy and cheerful.
Journey,noun,an act of traveling from one place to another.
Jugular,adjective,of the neck or throat.
Jawline,noun,the contour of the lower edge of a person's jaw.
Janitor,noun,a person employed as a caretaker of a building; a custodian.
Jittery,adjective,nervous or unable to relax.
Jump,verb,push oneself off a surface and into the air by using the muscles in one's legs and feet.
Juicer,noun,an appliance for extracting juice from fruit and vegetables.
Jiujitsu,noun,a Japanese system of unarmed combat and physical training.
Junkyard,noun,a place where scrap is collected before being recycled or discarded.
Jalapeno,noun,"a very hot green chili pepper, used especially in Mexican-style cooking."
Katana,noun,"a long, single-edged sword used by Japanese samurai."
Klutz,noun,"a clumsy, awkward, or foolish person."
Kindergarten,noun,a school or class that prepares children for first grade. A child in kindergarten is typically 5 or 6 years old.
Kindhearted,adjective,having a kind and sympathetic nature.
Kinetic,adjective,relating to or resulting from motion.
Kremlin,noun,a citadel within a Russian town.
Knuckle,verb,"rub or press (something, especially the eyes) with the knuckles."
Knowledge,noun,"facts, information, and skills acquired by a person through experience or education; the theoretical or practical understanding of a subject."
Keratin,noun,"a fibrous protein forming the main structural constituent of hair, feathers, hoofs, claws, horns, etc."
Know,verb,"be aware of through observation, inquiry, or information."
Kitchen,noun,a room or area where food is prepared and cooked.
Kilogram,noun,"the SI unit of mass (equivalent to approximately 2.205 lb), first introduced as a unit of mass for the metric system."
Knight,verb,invest (someone) with the title of knight.
Kitchenette,noun,a small kitchen or part of a room equipped as a kitchen.
Keyboard,noun,a panel of keys that operate a computer or typewriter.
Knot,noun,"a fastening made by tying a piece of string, rope, or something similar."
Kitten,noun,a young cat.
Kick,verb,strike or propel forcibly with the foot.
Knee,noun,the joint between the thigh and the lower leg in humans.
Knife,verb,stab (someone) with a knife.
Key,verb,enter or operate on (data) by means of a computer keyboard or telephone keypad.
Kidnap,verb,"take (someone) away illegally by force, typically to obtain a ransom."
King,noun,"the male ruler of an independent state, especially one who inherits the position by right of birth."
Knockdown,adjective,capable of knocking down or overwhelming someone or something.
Kidding,adjective,playfully or teasingly deceptive.
Knit,verb,"make (a garment, blanket, etc.) by interlocking loops of wool or other yarn with knitting needles or on a machine."
Kill,verb,"cause the death of (a person, animal, or other living thing)."
Kangaroo,noun,"a large plant-eating marsupial with a long powerful tail and strongly developed hind limbs that enable it to travel by leaping, found only in Australia and New Guinea."
Kilobyte,noun,"a unit of memory or data equal to 1,024 (2^10) bytes."
Kowtow,verb,act in an excessively subservient manner.
Kingdom,noun,"a country, state, or territory ruled by a king or queen."
Keystroke,noun,"a single depression of a key on a keyboard, especially as a measure of work."
Ketosis,noun,"a metabolic state characterized by raised levels of ketone bodies in the body tissues, which is typically pathological in conditions such as diabetes, or may be the consequence of a diet that is very low in carbohydrates."
Kumquat,noun,"an orange-like fruit related to the citruses, with an edible sweet rind and acid pulp."
Kernel,noun,"a softer, usually edible part of a nut, seed, or fruit stone contained within its hard shell."
Kneel,verb,"be in or assume a position in which the body is supported by a knee or the knees, as when praying or showing submission."
Kinescope,noun,a television picture tube.
Keyhole,noun,a hole in a lock into which the key is inserted.
Kindred,adjective,similar in kind; related.
Kickoff,noun,"the start or resumption of a football game, in which a player kicks the ball from the center of the field."
Late,adjective,"doing something or taking place after the expected, proper, or usual time."
Letter,noun,a character representing one or more of the sounds used in speech; any of the symbols of an alphabet.
Luxury,adjective,luxurious or of the nature of a luxury.
Lust,noun,very strong sexual desire.
Laugh,verb,make the spontaneous sounds and movements of the face and body that are the instinctive expressions of lively amusement and sometimes also of contempt or derision.
Logic,noun,reasoning conducted or assessed according to strict principles of validity.
Lonely,adjective,sad because one has no friends or company.
Line,verb,stand or be positioned at intervals along.
Little,adjective,"small in size, amount, or degree (often used to convey an appealing diminutiveness or express an affectionate or condescending attitude)."
Life,noun,"the condition that distinguishes animals and plants from inorganic matter, including the capacity for growth, reproduction, functional activity, and continual change preceding death."
Light,verb,provide with light or lighting; illuminate.
Labyrinth,noun,a complicated irregular network of passages or paths in which it is difficult to find one's way; a maze.
Laminate,verb,"overlay (a flat surface, especially paper) with a layer of plastic or some other protective material."
Limit,noun,a point or level beyond which something does not or may not extend or pass.
Lunch,noun,"a meal eaten in the middle of the day, typically one that is lighter or less formal than an evening meal."
Leisure,noun,free time.
Latitude,noun,"the angular distance of a place north or south of the earth's equator, or of a celestial object north or south of the celestial equator, usually expressed in degrees and minutes."
Learning,noun,"the acquisition of knowledge or skills through experience, study, or by being taught."
Lip,noun,either of the two fleshy parts which form the upper and lower edges of the opening of the mouth.
Literacy,noun,the ability to read and write.
Local,adjective,"belonging or relating to a particular area or neighborhood, typically exclusively so."
Leftover,adjective,remaining; surplus.
Like,adjective,(of a person or thing) having similar qualities or characteristics to another person or thing.
Lucky,adjective,"having, bringing, or resulting from good luck."
Laundry,noun,clothes and linens that need to be washed or that have been newly washed.
Lottery,noun,a means of raising money by selling numbered tickets and giving prizes to the holders of numbers drawn at random.
Lecture,verb,deliver an educational lecture or lectures.
Longing,noun,a yearning desire.
Loading,noun,the application of a mechanical load or force to something.
Leasing,verb,grant (property) on lease; let.
Lasting,adjective,enduring or able to endure over a long period of time.
Licking,noun,a severe defeat or beating.
Lunatic,noun,a mentally ill person (not in technical use).
Lattice,noun,"a structure consisting of strips of wood or metal crossed and fastened together with square or diamond-shaped spaces left between, used as a screen or fence or as a support for climbing plants."
Letuce,noun,"a cultivated plant of the daisy family, with edible leaves that are a usual ingredient of salads. Many varieties of lettuce have been developed with a range of form, texture, and color."
Lure,verb,"tempt (a person or animal) to do something or to go somewhere, especially by offering some form of reward."
Language,noun,"the principal method of human communication, consisting of words used in a structured and conventional way and conveyed by speech, writing, or gesture"
Liquid,adjective,"having a consistency like that of water or oil, i.e., flowing freely but of constant volume."
Lactose,noun,a sugar present in milk. It is a disaccharide containing glucose and galactose units.
Lay,verb,"put down, especially gently or carefully."
Magnet,noun,"a piece of iron (or an ore, alloy, or other material) that has its component atoms so ordered that the material exhibits properties of magnetism, such as attracting other iron-containing objects or aligning itself in an external magnetic field."
Methanol,noun,"a toxic, colorless, volatile flammable liquid alcohol, originally made by distillation from wood and now chiefly by oxidizing methane."
Macro,noun,a single instruction that expands automatically into a set of instructions to perform a particular task.
Microscope,noun,"an optical instrument used for viewing very small objects, such as mineral samples or animal or plant cells, typically magnified several hundred times."
Mouse,noun,"a small rodent that typically has a pointed snout, relatively large ears and eyes, and a long tail."
Man,noun,an adult male human being.
Mail,noun,letters and packages conveyed by the postal system.
Main,adjective,chief in size or importance.
Marry,verb,join in marriage.
Miniscule,adjective,extremely small; tiny.
Miles,noun,"a unit of linear measure equal to 1,760 yards (approximately 1.609 kilometres)."
Morning,noun,"the period of time between midnight and noon, especially from sunrise to noon."
Monument,noun,"a statue, building, or other structure erected to commemorate a famous or notable person or event."
Miscalculation,noun,an act of miscalculating; an error or misjudgment.
Mall,noun,a large building or series of connected buildings containing a variety of retail stores and typically also restaurants.
Mailbox,noun,"a private box into which mail is delivered, especially one mounted on a post at the entrance to a person's property."
Minus,adjective,(before a number) below zero; negative.
Mown,adjective,(of grass or a crop) cut down with a scythe or machine.
Mass,noun,"a coherent, typically large body of matter with no definite shape."
Meaning,noun,"what is meant by a word, text, concept, or action."
Magnify,verb,"make (something) appear larger than it is, especially with a lens or microscope."
Multicultural,adjective,relating to or constituting several cultural or ethnic groups within a society.
Merchandise,noun,goods to be bought and sold.
Malnutrition,noun,"lack of proper nutrition, caused by not having enough to eat, not eating enough of the right things, or being unable to use the food that one does eat."
Menstruation,noun,"the process in a woman of discharging blood and other materials from the lining of the uterus at intervals of about one lunar month from puberty until menopause, except during pregnancy."
Myth,noun,"a traditional story, especially one concerning the early history of a people or explaining some natural or social phenomenon, and typically involving supernatural beings or events."
Mountain,noun,a large natural elevation of the earth's surface rising abruptly from the surrounding level; a large steep hill.
Multitasking,verb,the performance of more than one task at the same time.
Metamorphism,noun,"alteration of the composition or structure of a rock by heat, pressure, or other natural agency."
Master,noun,"a man who has people working for him, especially servants or slaves."
Market,noun,"a regular gathering of people for the purchase and sale of provisions, livestock, and other commodities."
Member,noun,"a person, animal, or plant belonging to a particular group."
Misconduct,noun,"unacceptable or improper behavior, especially by an employee or professional person."
Motorcycle,noun,a two-wheeled vehicle that is powered by a motor and has no pedals.
Migrate,verb,"(of an animal, typically a bird or fish) move from one region or habitat to another according to the seasons."
Minimalism,noun,"a trend in sculpture and painting that arose in the 1950s and used simple, typically massive, forms."
Match,verb,correspond or cause to correspond in some essential respect; make or be harmonious.
Module,noun,"each of a set of standardized parts or independent units that can be used to construct a more complex structure, such as an item of furniture or a building."
Model,noun,"a three-dimensional representation of a person or thing or of a proposed structure, typically on a smaller scale than the original."
Maturity,noun,"the state, fact, or period of being mature."
Nationalism,noun,"identification with one's own nation and support for its interests, especially to the exclusion or detriment of the interests of other nations."
Nothing,adjective,having no prospect of progress; of no value.
Negotiation,noun,discussion aimed at reaching an agreement.
Navigation,noun,the process or activity of accurately ascertaining one's position and planning and following a route.
Nomination,noun,the action of nominating or state of being nominated.
Newsletter,noun,"a bulletin issued periodically to the members of a society, business, or organization."
Novel,noun,"a fictitious prose narrative of book length, typically representing character and action with some degree of realism."
Narcissism,noun,"selfishness, involving a sense of entitlement, a lack of empathy, and a need for admiration, as characterizing a personality type."
Numeration,noun,the action or process of calculating or assigning a number to something.
Number,noun,"an arithmetical value, expressed by a word, symbol, or figure, representing a particular quantity and used in counting and making calculations and for showing order in a series or for identification."
Natural,adjective,existing in or caused by nature; not made or caused by humankind.
Narrative,noun,a spoken or written account of connected events; a story.
Neighbour,noun,a person living near or next door to the speaker or person referred to.
Nostalgic,adjective,characterized by or exhibiting feelings of nostalgia.
Necessary,adjective,"required to be done, achieved, or present; needed; essential."
Napalm,noun,"a highly flammable sticky jelly used in incendiary bombs and flamethrowers, consisting of gasoline thickened with special soaps."
North,noun,"the direction in which a compass needle normally points, toward the horizon on the left-hand side of a person facing east, or the part of the horizon lying in this direction."
Newsprint,noun,"cheap, low-quality absorbent printing paper made from coarse wood pulp and used chiefly for newspapers."
Nucleus,noun,"the central and most important part of an object, movement, or group, forming the basis for its activity and growth."
Nutririon,noun,the process of providing or obtaining the food necessary for health and growth.
Normal,adjective,"conforming to a standard; usual, typical, or expected."
Notation,noun,"a series or system of written symbols used to represent numbers, amounts, or elements in something such as music or mathematics."
Narcotic,adjective,relating to or denoting narcotics or illegal drugs.
Nepotism,noun,"the practice among those with power or influence of favoring relatives or friends, especially by giving them jobs."
Neutron,noun,"a subatomic particle of about the same mass as a proton but without an electric charge, present in all atomic nuclei except those of ordinary hydrogen."
Nourish,verb,"provide with the food or other substances necessary for growth, health, and good condition."
Name,noun,"a word or set of words by which a person, animal, place, or thing is known, addressed, or referred to."
Nobody,noun,a person of no importance or authority.
Near,adjective,located a short distance away.
Notice,verb,become aware of.
Nugget,noun,a small lump of gold or other precious metal found ready-formed in the earth.
Nigger,noun,a contemptuous term for a black or dark-skinned person. A.K.A. slave
Noon,noun,twelve o'clock in the day; midday.
Need,verb,require (something) because it is essential or very important.
Nurse,noun,"a person trained to care for the sick or infirm, especially in a hospital."
News,noun,"newly received or noteworthy information, especially about recent or important events."
Nerve,noun,"(in the body) a whitish fiber or bundle of fibers that transmits impulses of sensation to the brain or spinal cord, and impulses from these to the muscles and organs."
Nothingness,noun,the absence or cessation of life or existence.
Ninja,noun,a person skilled in the Japanese art of ninjutsu.
Nose,noun,"the part projecting above the mouth on the face of a person or animal, containing the nostrils and used for breathing and smelling."
Orientation,noun,the determination of the relative position of something or someone (especially oneself).
Occupancy,noun,the action or fact of occupying a place.
Official,adjective,"relating to an authority or public body and its duties, actions, and responsibilities."
Observation,noun,the action or process of observing something or someone carefully or in order to gain information.
Oscillation,noun,movement back and forth at a regular speed.
Opportunity,noun,a set of circumstances that makes it possible to do something.
Object,noun,a material thing that can be seen and touched.
Originality,noun,the ability to think independently and creatively.
Opposition,noun,"resistance or dissent, expressed in action or argument."
Obsession,noun,the state of being obsessed with someone or something.
Orphanage,noun,a residential institution for the care and education of orphans.
Offering,noun,"a thing offered, especially as a gift or contribution."
Overdose,noun,an excessive and dangerous dose of a drug.
Organist,noun,a person who plays the organ.
Optimist,noun,a person who tends to be hopeful and confident about the future or the success of something.
Oversize,adjective,bigger than the usual size.
Optimistic,adjective,hopeful and confident about the future.
Obsidian,noun,"a hard, dark, glasslike volcanic rock formed by the rapid solidification of lava without crystallization."
Opinion,noun,"a view or judgment formed about something, not necessarily based on fact or knowledge."
Optimal,adjective,best or most favorable; optimum.
Offline,adjective,not controlled by or directly connected to a computer or external network.
Optical,adjective,"relating to sight, especially in relation to the physical action of light."
Office,noun,"a room, set of rooms, or building used as a place for commercial, professional, or bureaucratic work."
Outcome,noun,the way a thing turns out; a consequence.
Opacity,noun,the condition of lacking transparency or translucence; opaqueness.
Oxygen,noun,"a colorless, odorless reactive gas, the chemical element of atomic number 8 and the life-supporting component of the air."
Odd,adjective,different from what is usual or expected; strange.
Ovum,noun,"a mature female reproductive cell, especially of a human or other animal, which can divide to give rise to an embryo usually only after fertilization by a male cell."
Oval,adjective,having a rounded and slightly elongated outline or shape like that of an egg.
Occur,verb,happen; take place.
Outbreak,noun,"the sudden or violent start of something unwelcome, such as war, disease, etc."
Overtime,noun,"time in addition to what is normal, as time worked beyond one's scheduled working hours."
Outdoor,adjective,"done, situated, or used out of doors."
Organism,noun,"an individual animal, plant, or single-celled life form."
Organization,noun,"an organized body of people with a particular purpose, especially a business, society, association, etc."
Obvious,adjective,"easily perceived or understood; clear, self-evident, or apparent."
Overwhelmed,verb,bury or drown beneath a huge mass.
Occasion,verb,cause (something).
Ovary,noun,"a female reproductive organ in which ova or eggs are produced, present in humans and other vertebrates as a pair."
Omnivore,noun,an animal or person that eats food of both plant and animal origin.
Pizza,noun,"a dish of Italian origin consisting of a flat, round base of dough baked with a topping of tomato sauce and cheese, typically with added meat or vegetables."
Power,noun,"the ability to do something or act in a particular way, especially as a faculty or quality."
Play,verb,engage in activity for enjoyment and recreation rather than a serious or practical purpose.
Playful,adjective,fond of games and amusement; lighthearted.
Please,verb,cause to feel happy and satisfied.
Pin,noun,"a thin piece of metal with a sharp point at one end and a round head at the other, used especially for fastening pieces of cloth."
Picture,noun,a painting or drawing.
Professional,adjective,relating to or belonging to a profession.
Prayer,noun,a solemn request for help or expression of thanks addressed to God or an object of worship.
Post,noun,"a long, sturdy piece of timber or metal set upright in the ground and used to support something or as a marker."
Paralyze,verb,cause (a person or part of the body) to become partly or wholly incapable of movement.
Pathogen,noun,"a bacterium, virus, or other microorganism that can cause disease."
Punctuation,noun,"the marks, such as period, comma, and parentheses, used in writing to separate sentences and their elements and to clarify meaning"
Protagonist,noun,he main figure or one of the most prominent figures in a real situation.
Proficiency,noun,a high degree of competence or skill; expertise.
Parenthesis,noun,"a word, clause, or sentence inserted as an explanation or afterthought into a passage that is grammatically complete without it, in writing usually marked off by curved brackets, dashes, or commas."
Persuasive,adjective,good at persuading someone to do or believe something through reasoning or the use of temptation.
Programmer,noun,a person who writes computer programs.
Prosecutor,noun,"a person, especially a public official, who institutes legal proceedings against someone."
Pedestrian,noun,a person walking along a road or in a developed area.
Perfection,noun,"the condition, state, or quality of being free or as free as possible from all flaws or defects."
Pharmacist,noun,a person who is professionally qualified to prepare and dispense medicinal drugs.
Practice,noun,"the actual application or use of an idea, belief, or method, as opposed to theories relating to it."
President,noun,the elected head of a republic
Portfolio,noun,"a large, thin, flat case for loose sheets of paper such as drawings or maps."
Procedure,noun,an established or official way of doing something.
Publisher,noun,"a person or company that prepares and issues books, journals, music, or other works for sale."
Precise,adjective,marked by exactness and accuracy of expression or detail.
Polluted,adjective,contaminated with harmful or poisonous substances.
Paragraph,verb,arrange (a piece of writing) in paragraphs.
Possesed,adjective,(of a person) completely controlled by an evil spirit.
Physician,noun,a person qualified to practice medicine.
Physic,noun,"medicine, especially a cathartic."
Prototype,noun,"a first, typical or preliminary model of something, especially a machine, from which other forms are developed or copied."
Pregnant,adjective,(of a woman or female animal) having a child or young developing in the uterus.
Provoking,adjective,causing annoyance; irritating.
Previous,adjective,existing or occurring before in time or order.
Presence,noun,"the state or fact of existing, occurring, or being present in a place or thing."
Pursuant,adjective,following; going in pursuit.
Positive,adjective,consisting in or characterized by the presence or possession of features or qualities rather than their absence.
Queen,noun,"the female ruler of an independent state, especially one who inherits the position by right of birth."
Quack,noun,the characteristic harsh sound made by a duck.
Quarter,noun,each of four equal or corresponding parts into which something is or can be divided.
Quadruple,adjective,consisting of four parts or elements.
Quintessential,adjective,representing the most perfect or typical example of a quality or class.
Quintuplets,noun,each of five children born to the same mother at one birth.
Question,noun,a sentence worded or expressed so as to elicit information.
Questionnaire,noun,"a set of printed or written questions with a choice of answers, devised for the purposes of a survey or statistical study."
Quartermaster,noun,"a military officer responsible for providing quarters, rations, clothing, and other supplies."
Quarterback,noun,a player positioned behind the center who directs a team's offensive play.
Quindecilllion,noun,a number equal to 1 followed by 48 zeros
Questionable,adjective,doubtful as regards truth or quality.
Quick,adjective,moving fast or doing something in a short time.
Quicksilver,noun,the liquid metal mercury.
Queer,adjective,strange; odd.
Quality,noun,the standard of something as measured against other things of a similar kind; the degree of excellence of something.
Quantity,noun,the amount or number of a material or immaterial thing not usually estimated by spatial measurement.
Qualitative,adjective,"relating to, measuring, or measured by the quality of something rather than its quantity."
Quantitative,adjective,"relating to, measuring, or measured by the quantity of something rather than its quality."
Quarrel,noun,"a heated argument or disagreement, typically about a trivial issue and between people who are usually on good term."
Quill,noun,any of the main wing or tail feathers of a bird.
Quiz,noun,"a test of knowledge, especially a brief, informal test given to students."
Quit,verb,"leave (a place), usually permanently."
Quirk,noun,a peculiar behavioral habit.
Quesadillas,noun,a tortilla filled with cheese and heated.
Quicksand,noun,loose wet sand that yields easily to pressure and sucks in anything resting on or falling into it.
Quip,noun,a witty remark.
Quaint,adjective,attractively unusual or old-fashioned.
Qualify,verb,be entitled to a particular benefit or privilege by fulfilling a necessary condition.
Quarantine,verb,"impose isolation on (a person, animal, or place); put in quarantine."
Quote,verb,"repeat or copy out (a group of words from a text or speech), typically with an indication that one is not the original author or speaker."
Quotation,noun,a group of words taken from a text or speech and repeated by someone other than the original author or speaker.
Quiver,verb,tremble or shake with a slight rapid motion.
Quaver,verb,"(of a person's voice) shake or tremble in speaking, typically through nervousness or emotion."
Quad,noun,a quadrangle.
Quark,noun,"any of a number of subatomic particles carrying a fractional electric charge, postulated as building blocks of the hadrons. Quarks have not been directly observed but theoretical predictions based on their existence have been confirmed experimentally."
Quadruped,noun,"an animal which has four feet, especially an ungulate mammal."
Quadriplegic,adjective,affected by or relating to paralysis of all four limbs; tetraplegic.
Quarry,noun,"a place, typically a large, deep pit, from which stone or other materials are or have been extracted."
Quantum,noun,a discrete quantity of energy proportional in magnitude to the frequency of the radiation it represents.
Region,noun,"an area or division, especially part of a country or the world having definable characteristics but not always fixed boundaries."
Religion,noun,"the belief in and worship of a superhuman controlling power, especially a personal God or gods."
Ride,verb,"sit on and control the movement of (an animal, especially a horse), typically as a recreation or sport."
Run,verb,"move at a speed faster than a walk, never having both or all the feet on the ground at the same time."
Responsibility,noun,the state or fact of having a duty to deal with something or of having control over someone.
Represent,verb,"be entitled or appointed to act or speak for (someone), especially in an official capacity."
Robust,adjective,strong and healthy; vigorous.
Root,noun,"the part of a plant which attaches it to the ground or to a support, typically underground, conveying water and nourishment to the rest of the plant via numerous branches and fibers."
Revolutionary,adjective,involving or causing a complete or dramatic change.
Reinforcement,noun,the action or process of reinforcing or strengthening.
Reincarnation,noun,the rebirth of a soul in a new body.
Recognition,noun,identification of someone or something or person from previous encounters or knowledge.
Restriction,noun,"a limiting condition or measure, especially a legal one."
Reservation,noun,the action of reserving something.
Restoration,noun,"the action of returning something to a former owner, place, or condition."
Respect,noun,"a feeling of deep admiration for someone or something elicited by their abilities, qualities, or achievements."
Respiratory,adjective,relating to or affecting respiration or the organs of respiration.
Reminisce,verb,indulge in enjoyable recollection of past events.
Requirement,noun,a thing that is needed or wanted.
Realistic,adjective,having or showing a sensible and practical idea of what can be achieved or expected.
Reflexology,noun,"a system of massage used to relieve tension and treat illness, based on the theory that there are reflex points on the feet, hands, and head linked to every part of the body."
Romance,noun,a feeling of excitement and mystery associated with love.
Regulation,noun,a rule or directive made and maintained by an authority.
Relaxation,noun,the state of being free from tension and anxiety.
Reveal,verb,make (previously unknown or secret information) known to others.
Repeat,verb,say again something one has already said.
Redundancy,noun,the state of being not or no longer needed or useful.
Response,noun,a verbal or written answer.
Redemption,noun,"the action of saving or being saved from sin, error, or evil."
Report,verb,"give a spoken or written account of something that one has observed, heard, done, or investigated."
Retirement,noun,the action or fact of leaving one's job and ceasing to work.
Regenerate,verb,(of a living organism) regrow (new tissue) to replace lost or injured tissue.
Reference,noun,the action of mentioning or alluding to something.
Recording,noun,the action or process of recording sound or a performance for subsequent reproduction or broadcast.
Reproduce,verb,produce again.
Residency,noun,the fact of living in a place.
Reimburse,verb,repay (a person who has spent or lost money).
Repulsive,adjective,arousing intense distaste or disgust.
Reaction,noun,an action performed or a feeling experienced in response to a situation or event.
Radiator,noun,"a thing that radiates or emits light, heat, or sound."
Sex,verb,"sexual activity, including specifically sexual intercourse."
Session,noun,a meeting of a deliberative or judicial body to conduct its business.
Season,noun,"each of the four divisions of the year (spring, summer, autumn, and winter) marked by particular weather patterns and daylight hours, resulting from the earth's changing position with regard to the sun."
Selection,noun,the action or fact of carefully choosing someone or something as being the best or most suitable.
Safe,adjective,protected from or not exposed to danger or risk; not likely to be harmed or lost.
Sport,noun,an activity involving physical exertion and skill in which an individual or team competes against another or others for entertainment.
Salary,noun,"a fixed regular payment, typically paid on a monthly or biweekly."
Silicon,noun,"the chemical element of atomic number 14, a nonmetal with semiconducting properties, used in making electronic circuits"
Smart,adjective,having or showing a quick-witted intelligence.
Scary,adjective,frightening; causing fear.
Sort,noun,a category of things or people having some common feature; a type.
Super,adjective,very good or pleasant; excellent.
Straightforward,adjective,uncomplicated and easy to do or understand.
Straight,adjective,extending or moving uniformly in one direction only; without a curve or bend.
Superconduct,adjective, the ability of certain materials to conduct electric current with practically zero resistance.
Sympathize,verb,feel or express sympathy.
Substitute,verb,a person or thing acting or serving in place of another.
Survival,noun,"the state or fact of continuing to live or exist, typically in spite of an accident, ordeal, or difficult circumstances."
Sussy,adjective,Suspicious; suspected.
Substantial,adjective,"of considerable importance, size, or worth."
Stereotypical,adjective,relating to a widely held but fixed and oversimplified image or idea of a particular type of person or thing.
Surreal,adjective,having the qualities of surrealism; bizarre.
Special,adjective,"better, greater, or otherwise different from what is usual."
Susceptability,noun,the state or fact of being likely or liable to be influenced or harmed by a particular thing.
Sociopath,noun,a person with a personality disorder manifesting itself in extreme antisocial attitudes and behavior and a lack of conscience.
Segregation,noun,the action or state of setting someone or something apart from other people or things or being set apart.
Sedation,noun,the administering of a sedative drug to produce a state of calm or sleep.
School,noun,an institution for educating children.
Surefire,noun,certain to succeed.
Sponge,noun,"a piece of a soft, light, porous substance originally consisting of the fibrous skeleton of an invertebrate but now usually made of synthetic material. Sponges absorb liquid and are used for washing and cleaning."
Scientifically,adjective,based on or characterized by the methods and principles of science.
Scatter,verb,throw in various random directions
Security,noun,the state of being free from danger or threat.
Seclusion,noun,the state of being private and away from other people.
Scratch,noun,score or mark the surface of (something) with a sharp or pointed object.
Scurry,noun,a situation of hurried and confused movement.
Sacrament,noun,"(in Roman Catholic use) the consecrated elements of the Eucharist, especially the bread or Host."
Sterilization,noun,the process of making something free from bacteria or other living microorganisms.
Sophisticated,adjective,"having, revealing, or proceeding from a great deal of worldly experience and knowledge of fashion and culture."
Structure,noun,the arrangement of and relations between the parts or elements of something complex.
Telephone,noun,"a system for transmitting voices over a distance using wire or radio, by converting acoustic vibrations to electrical signals."
Technology,noun,"the application of scientific knowledge for practical purposes, especially in industry."
Transform,verb,"make a thorough or dramatic change in the form, appearance, or character of."
Transfigure,verb,transform into something more beautiful or elevated.
Transgender,adjective,denoting or relating to a person whose sense of personal identity and gender does not correspond with their birth sex.
Thermostat,noun,"a device that automatically regulates temperature, or that activates a device when the temperature reaches a certain point."
Theoritical,adjective,concerned with or involving the theory of a subject or area of study rather than its practical application.
Therapy,noun,treatment intended to relieve or heal a disorder.
Therapeutic,adjective,relating to the healing of disease.
Testosterone,noun,"a steroid hormone that stimulates development of male secondary sexual characteristics, produced mainly in the testes, but also in the ovaries and adrenal cortex."
Tentacle,noun,"a slender, flexible limb or appendage in an animal, especially around the mouth of an invertebrate, used for grasping or moving about, or bearing sense organs."
Testicle,noun,"either of the two oval organs that produce sperm in men and other male mammals, enclosed in the scrotum behind the penis."
Titular,adjective,holding or constituting a purely formal position or title without any real authority.
Trust,noun,"firm belief in the reliability, truth, ability, or strength of someone or something."
Temporary,adjective,lasting for only a limited period of time; not permanent.
Tiny,adjective,very small.
Thicccccccccccccccccccccccccc,adjective,A BUNDA
Tick,noun,"a regular short, sharp sound, especially that made by a clock or watch."
Turbo,noun,short for turbocharger.
Thalassophobia,noun,an intense phobia or fear of large bodies of water.
Telescope,noun,an optical instrument designed to make distant objects appear nearer.
Turret,noun,"a small tower on top of a larger tower or at the corner of a building or wall, typically of a castle."
Tourrette,noun,a condition that causes a person to make involuntary sounds and movements called tics.
Thermite,noun,"a mixture of finely powdered aluminum and iron oxide that produces a very high temperature on combustion, used in welding and for incendiary bombs."
Transmission,noun,"the action or process of transmitting something, or the state of being transmitted."
Thoughtful,adjective,absorbed in or involving thought.
Thorough,adjective,complete with regard to every detail; not superficial or partial.
Terrible,adjective,extremely or distressingly bad or serious.
Thieve,verb,be a thief; steal something.
Thunder,noun,a loud rumbling or crashing noise heard after a lightning flash due to the expansion of rapidly heated air.
Telepath,noun,a person with the ability to communicate using telepathy.
Telekenesis,noun,the supposed ability to move objects at a distance by mental power or other nonphysical means.
Terminal,adjective,"of, forming, or situated at the end or extremity of something."
Test,noun,"a procedure intended to establish the quality, performance, or reliability of something, especially before it is taken into widespread use."
Transcription,noun,a written or printed representation of something.
Teleportation,noun, the act or process of moving an object or person by psychokinesis
Thyme,noun,a low-growing aromatic plant of the mint family. The small leaves are used as a culinary herb and the plant yields a medicinal oil.
Translucent,adjective,"(of a substance) allowing light, but not detailed shapes, to pass through; semitransparent."
Tailor,noun,"a person whose occupation is making fitted clothes such as suits, pants, and jackets to fit individual customers."
Together,adjective,"self-confident, level-headed, or well organized."
Ugandan,adjective,relating to or characteristic of Uganda or its people.
Umbrella,noun,"a device consisting of a circular canopy of cloth on a folding metal frame supported by a central rod, used as protection against rain or sometimes sun."
Unity,noun,the state of being united or joined as a whole
Ungulate,noun,a hoofed mammal.
Underaged,adjective,of less than mature or legal age
Ultraman,noun,A man who is ultra
Udders,noun,"the mammary gland of female cattle, sheep, goats, horses, and related animals, having two or more teats and hanging between the hind legs of the animal."
Understand,verb,"perceive the intended meaning of (words, a language, or a speaker)."
Ugly,adjective,"unpleasant or repulsive, especially in appearance."
Uncle,noun,the brother of one's father or mother or the husband of one's aunt.
Unacceptable,adjective,not satisfactory or allowable.
Underdog,noun,a competitor thought to have little chance of winning a fight or contest.
Undeniable,adjective,unable to be denied or disputed.
Underestimate,verb,estimate (something) to be smaller or less important than it actually is.
Unsatisfactory,adjective,unacceptable because poor or not good enough.
Uncircumcised,adjective,(of a boy or man) not circumcised.
Unpredictable,adjective,not able to be predicted.
Unemployed,adjective,(of a person) without a paid job but available to work.
Unfertilized,adjective,not made fertile
Unlike,adjective,dissimilar or different from each other.
Unrealistic,adjective,not realistic.
Undeserving,adjective,"not deserving or worthy of something positive, especially help or praise."
University,noun,"an educational institution designed for instruction, examination, or both, of students in many branches of advanced learning, conferring degrees in various faculties, and often embodying colleges and similar institutions."
Ultimate,adjective,being or happening at the end of a process; final.
Underwater,adjective,"situated, occurring, or done beneath the surface of water."
Unofficial,adjective,not officially authorized or confirmed.
Underworld,noun,the world of criminals or of organized crime.
Unyeilding,adjective,(of a mass or structure) not giving way to pressure; hard or solid.
Unfaithful,adjective,not faithful.
Universal,adjective,"of, affecting, or done by all people or things in the world or in a particular group; applicable to all cases."
Unanimous,adjective,(of two or more people) fully in agreement.
Undercut,verb,offer goods or services at a lower price than (a competitor).
Union,noun,"the action or fact of joining or being joined, especially in a political context."
Utility,noun,"the state of being useful, profitable, or beneficial."
Unknown,adjective,not known or familiar.
Upgrade,verb,"raise (something) to a higher standard, in particular improve (equipment or machinery) by adding or replacing components."
Useless,adjective,not fulfilling or not expected to achieve the intended purpose or desired outcome.
Uncover,verb,remove a cover or covering from.
Urinate,verb,discharge urine; pass water.
Unravel,verb,"undo (twisted, knitted, or woven threads)."
Venus,noun,the Roman goddess of love and beauty
Velocity,noun,the speed of something in a given direction.
Vexing,adjective,"causing annoyance, frustration, or worry."
Veterinarian,noun,a veterinary surgeon.
Venture,noun,a risky or daring journey or undertaking.
Video,noun,"the recording, reproducing, or broadcasting of moving visual images."
Value,noun,"the regard that something is held to deserve; the importance, worth, or usefulness of something."
Valve,noun,"a device for controlling the passage of fluid or air through a pipe, duct, etc., especially an automatic device allowing movement in one direction only."
Vaporize,verb,convert or be converted into vapor.
Vasectomy,noun,"the surgical cutting and sealing of part of each vas deferens, typically as a means of sterilization."
Volcano,noun,"a mountain or hill, typically conical, having a crater or vent through which lava, rock fragments, hot vapor, and gas are being or have been erupted from the earth's crust."
Valedictorian,noun,"a student, typically having the highest academic achievements of the class, who delivers the valedictory at a graduation ceremony."
Vent,noun,"an opening that allows air, gas, or liquid to pass out of or into a confined space."
Vigorous,adjective,"strong, healthy, and full of energy."
Vegetable,noun,"a plant or part of a plant used as food, typically as accompaniment to meat or fish, such as a cabbage, potato, carrot, or bean."
Villain,noun,"(in a film, novel, or play) a character whose evil actions or motives are important to the plot."
Voice,noun,"the sound produced in a person's larynx and uttered through the mouth, as speech or song."
Vocalization,verb, to give voice to
Vocational,adjective,relating to an occupation or employment.
Vacation,noun,"an extended period of leisure and recreation, especially one spent away from home or in traveling."
Volunteer,noun,a person who freely offers to take part in an enterprise or undertake a task.
Variable,adjective,not consistent or having a fixed pattern; liable to change.
Vibrator,noun,A toy ;)
Vicious,adjective,deliberately cruel or violent.
Victim,noun,"a person harmed, injured, or killed as a result of a crime, accident, or other event or action."
Vandalize,verb,deliberately destroy or damage (public or private property).
Versatile,adjective,able to adapt or be adapted to many different functions or activities.
Verify,verb,"make sure or demonstrate that (something) is true, accurate, or justified."
Volume,noun,a book forming part of a work or series.
Viscous,adjective,"having a thick, sticky consistency between solid and liquid; having a high viscosity."
Vigilant,adjective,keeping careful watch for possible danger or difficulties.
Virtuous,adjective,having or showing high moral standards.
Victory,noun,"an act of defeating an enemy or opponent in a battle, game, or other competition."
Virtual,adjective,"almost or nearly as described, but not completely or according to strict definition."
Vagabond,noun,a person who wanders from place to place without a home or job.
Vagina,noun,the muscular tube leading from the external genitals to the cervix of the uterus in women and most female mammals.
Violin,noun,"a stringed musical instrument of treble pitch, played with a horsehair bow. The classical European violin was developed in the 16th century. It has four strings and a body of characteristic rounded shape, narrowed at the middle and with two f-shaped sound holes."
Violent,adjective,"using or involving physical force intended to hurt, damage, or kill someone or something."
Virginity,noun,the state of never having had sexual intercourse.
Verbose,adjective,using or expressed in more words than are needed.
Work,noun,activity involving mental or physical effort done in order to achieve a purpose or result.
Watch,noun,look at or observe attentively over a period of time.
Wage,noun,"a fixed regular payment, typically paid on a daily or weekly basis, made by an employer to an employee, especially to a manual or unskilled worker."
Whole,adjective,all of; entire.
Waste,verb,"use or expend carelessly, extravagantly, or to no purpose."
Weather,noun,"the state of the atmosphere at a place and time as regards heat, dryness, sunshine, wind, rain, etc."
Water,noun,"a colorless, transparent, odorless liquid that forms the seas, lakes, rivers, and rain and is the basis of the fluids of living organisms."
Winter,noun,"the coldest season of the year, in the northern hemisphere from December to February and in the southern hemisphere from June to August."
Wet,adjective,covered or saturated with water or another liquid.
Wealth,noun,an abundance of valuable possessions or money.
Whale,noun,"a very large marine mammal with a streamlined hairless body, a horizontal tail fin, and a blowhole on top of the head for breathing."
Wool,noun,"the fine, soft curly or wavy hair forming the coat of a sheep, goat, or similar animal, especially when shorn and prepared for use in making cloth or yarn."
Wind,noun,"the perceptible natural movement of the air, especially in the form of a current of air blowing from a particular direction."
Wise,adjective,"having or showing experience, knowledge, and good judgment."
Wake,verb,emerge or cause to emerge from a state of sleep; stop sleeping.
Witness,noun,"a person who sees an event, typically a crime or accident, take place."
Window,noun,an opening in the wall or roof of a building or vehicle that is fitted with glass or other transparent material in a frame to admit light or air and allow people to see out.
White,adjective,"of the color of milk or fresh snow, due to the reflection of most wavelengths of visible light; the opposite of black."
Witch,noun,"a woman thought to have magic powers, especially evil ones, popularly depicted as wearing a black cloak and pointed hat and flying on a broomstick."
Weight,noun,"a body's relative mass or the quantity of matter contained by it, giving rise to a downward force; the heaviness of a person or thing."
Wonder,noun,"a feeling of surprise mingled with admiration, caused by something beautiful, unexpected, unfamiliar, or inexplicable."
Wander,verb,"walk or move in a leisurely, casual, or aimless way."
Wood,noun,"the hard fibrous material that forms the main substance of the trunk or branches of a tree or shrub, used for fuel or timber."
Wall,noun,a continuous vertical brick or stone structure that encloses or divides an area of land.
Wait,verb,stay where one is or delay action until a particular time or until something else happens.
Wire,noun,metal drawn out into the form of a thin flexible thread or rod.
Wash,verb,"clean with water and, typically, soap or detergent."
Withstand,verb,remain undamaged or unaffected by; resist.
Welfare,noun,"the health, happiness, and fortunes of a person or group."
War,noun,a state of armed conflict between different nations or states or different groups within a nation or state.
Wild,adjective,(of an animal or plant) living or growing in the natural environment; not domesticated or cultivated.
Wardrobe,noun,"a large, tall cabinet in which clothes may be hung or stored."
Weakness,noun,the state or condition of lacking strength.
Workshop,noun,a room or building in which goods are manufactured or repaired.
Werewolf,noun,"(in myth or fiction) a person who changes for periods of time into a wolf, typically when there is a full moon."
Wizard,noun,"a man who has magical powers, especially in legends and fairy tales."
Want,verb,have a desire to possess or do (something); wish for.
Website,noun,"a set of related web pages located under a single domain name, typically produced by a single person or organization."
Whisper,verb,"speak very softly using one's breath without one's vocal cords, especially for the sake of privacy."
Wheel,noun,a circular object that revolves on an axle and is fixed below a vehicle or other object to enable it to move easily over the ground.
Xylophone,noun,a musical instrument played by striking a row of wooden bars of graduated length with one or more small wooden or plastic mallets.
Xyst,noun,a long portico
Xylitol,noun,"a sweet-tasting crystalline alcohol derived from xylose, present in some plant tissues and used as an artificial sweetener in foods."
Xenolith,noun,"a piece of rock within an igneous rock that is not derived from the original magma but has been introduced from elsewhere, especially the surrounding country rock."
Xenoblast,noun,a crystal in metamorphic rock that is not bounded by its own faces but has its outlines impressed upon it by neighboring crystals
Xenocryst,noun,a crystal in an igneous rock which is not derived from the original magma.
Xenograft,noun,a tissue graft or organ transplant from a donor of a different species from the recipient.
Xenoderma,noun,Abnormally dry skin
Xenophyte,noun, Any plant that was introduced from another geographic location.
Xenopuses,noun,"the African clawed frog, much used in embryological research and formerly in pregnancy testing, as it produces eggs in response to substances in the urine of a pregnant woman."
Xerically,adjective,to an extremely dry habitat
Xylograph,noun,the art of making engravings on wood especially for printing.
Xerophily,noun,the ability of some plants to survive in dosert or salt marsh areas by storing fresh water internally
Xylocarps,noun,"botany a fruit, such as a coconut, having a hard woody pericarp"
Xenophile,noun,"an individual who is attracted to foreign peoples, manners, or cultures."
Xenophobia,noun,dislike of or prejudice against people from other countries.
Xenolithic,noun,a piece of rock of different origin from the igneous rock in which it is embedded
Xenogeneic,adjective,"denoting, relating to, or involving tissues or cells belonging to individuals of different species."
Xylophagous,adjective,(especially of an insect larva or mollusk) feeding on or boring into wood.
Xenobiotics,noun,substances that are foreign to the body or to an ecological system.
Xerophytism,noun,a plant which needs very little water.
Xiphisterna,noun,the lowest part of the sternum; the xiphoid process.
Xanthines,noun,"a feebly basic compound C5H4N4O2 that occurs especially in animal or plant tissue, is derived from guanine and hypoxanthine, and yields uric acid on oxidation"
Xanthomas,noun,a skin condition in which certain fats build up under the surface of the skin
Xantheins,noun, the soluble part of the yellow pigment that is found in the cell sap of some flowers.
Xanthenes,noun,"a yellowish crystalline compound, whose molecule contains two benzene rings joined by a methylene group and an oxygen atom, and whose derivatives include brilliant, often fluorescent, dyes such as fluorescein and rhodamines."
Xanthones,noun,a ketone C13H8O2 that is the parent of several natural yellow pigments.
Xanthates,noun,a salt with the formula ROCS−2M
Xeroxing,verb,copy (a document) using a xerographic process.
Xiphoids,noun,the smallest and lowest division of the human sternum that is cartilaginous early in life but becomes more or less ossified during adulthood
Xenogeny,noun,the supposed production of offspring completely unlike either parent
Xeroxed,noun,copy (a document) using a xerographic process.
Xylenes,noun,any of three toxic flammable oily isomeric aromatic hydrocarbons C8H10 that are di-methyl homologues of benzene and are usually obtained from petroleum or natural gas distillates 
Xystos,noun,a long and open portico used especially by ancient Greeks or Romans for athletic exercises in wintry or stormy weather 
Xenias,noun,the effect of genes introduced by pollen especially on endosperm and embryo development.
Xylems,noun,"a complex tissue in the vascular system of higher plants that consists of vessels, tracheids, or both usually together with wood fibers and parenchyma cells, functions chiefly in conduction of water and dissolved minerals but also in support and food storage, and typically constitutes the woody element (as of a plant stem)"
Xylose,noun,"a sugar of the pentose class which occurs widely in plants, especially as a component of hemicelluloses."
Xenon,noun,"the chemical element of atomic number 54, a member of the noble gas series. It is obtained by distillation of liquid air, and is used in some specialized electric lamps."
Xerox,noun,a xerographic copying process.
Xeric,adjective,(of an environment or habitat) containing little moisture; very dry.
Youthful,adjective,young or seeming young.
Yellow,adjective,"of the color between green and orange in the spectrum, a primary subtractive color complementary to blue; colored like ripe lemons or egg yolks."
Yoru,noun,Night
Yang,noun,"(in Chinese philosophy) the active male principle of the universe, characterized as male and creative and associated with heaven, heat, and light."
Yield,verb,"produce or provide (a natural, agricultural, or industrial product)."
Yoghurt,noun,"a semisolid food prepared from milk fermented by added bacteria, often sweetened and flavored."
Yacht,noun,a medium-sized sailboat equipped for cruising or racing.
Youngling,noun,a young person or animal.
Year,noun,the time taken by the earth to make one revolution around the sun.
Yabber,verb,chatter.
Yearbook,noun,"an annual publication giving current information and listing events or aspects of the previous year, especially in a particular field."
Yam,noun,the edible starchy tuber of a climbing plant that is widely grown in tropical and subtropical countries.
Yawn,verb,involuntarily open one's mouth wide and inhale deeply due to tiredness or boredom.
YE,noun,THE GOAT
Yakitori,noun,a Japanese dish of chicken pieces grilled on a skewer.
Yucky,adjective,messy or disgusting.
Youngest,adjective,having lived or existed for only a short time.
Yolk,noun,"the yellow internal part of a bird's egg, which is surrounded by the white, is rich in protein and fat, and nourishes the developing embryo."
Yeast,noun,"a microscopic fungus consisting of single oval cells that reproduce by budding, and are capable of converting sugar into alcohol and carbon dioxide."
Yoasobi,noun,THE ACTUAL GOAT
Yes,noun,"an affirmative answer or decision, especially in voting."
Yipping,verb,"give a short, sharp cry or yelp."
Yttria,noun,yttrium oxide Y2O3 obtained as a heavy white powder and used especially formerly in incandescent gas mantles.
Yperite,noun,"mustard gas or sulphur mustard, C4 H8C l2S."
Yodel,verb,practice a form of singing or calling marked by rapid alternation between the normal voice and falsetto.
Yakuza,noun,a Japanese organized crime syndicate similar to the Mafia.
Yttric,noun,"A silvery, malleable metallic element that is found in the same ores as other rare-earth elements and is used in various metallurgical applications, notably to increase the strength of magnesium and aluminum alloys."
Yammer,verb,talk foolishly or incessantly.
Yahweh,noun,THE ACTUAL GOAT FR FR NO KIZZY ON THE DEADLOCKS NO CAP ON A STACK KEEPING IT A BUCK FIFTY ON MY MAMA DEADASS
Yummy,adjective,(of food) delicious.
Yelled,verb,"gave a loud, sharp cry."
Youth,noun,the period between childhood and adult age.
Yard,noun,"a cylindrical spar, tapering to each end, slung across a ship's mast for a sail to hang from."
Yoga,noun,"a Hindu spiritual and ascetic discipline, a part of which, including breath control, simple meditation, and the adoption of specific bodily postures, is widely practiced for health and relaxation."
Your mom,noun,"refer to ""Whale"""
Yearn,verb,"have an intense feeling of longing for something, typically something that one has lost or been separated from."
Yields,noun,"give way to arguments, demands, or pressure."
Youngster,noun,"a child, young person, or young animal."
Young,adjective,having lived or existed for only a short time.
Zebra,noun,an African wild horse with black-and-white stripes and an erect mane.
Zipper,noun,"a device consisting of two flexible strips of metal or plastic with interlocking projections closed or opened by pulling a slide along them, used to fasten garments, bags, and other items."
Zygote,noun,a diploid cell resulting from the fusion of two haploid gametes; a fertilized ovum.
Zoo,noun,"an establishment which maintains a collection of wild animals, typically in a park or gardens, for study, conservation, or display to the public."
Zoom,verb,move or travel very quickly.
Zodiac,noun,"a belt of the heavens within about 8° either side of the ecliptic, including all apparent positions of the sun, moon, and most familiar planets. It is divided into twelve equal divisions or signs (Aries, Taurus, Gemini, Cancer, Leo, Virgo, Libra, Scorpio, Sagittarius, Capricorn, Aquarius, Pisces)."
Zero,number,no quantity or number; naught; the figure 0.
Zafar,noun,victory
Zombie,noun,"a corpse said to be revived by witchcraft, especially in certain African and Caribbean religions."
Zoology,noun,"the scientific study of the behavior, structure, physiology, classification, and distribution of animals."
Zippy,adjective,lively; energetic.
Zag,noun,a sharp change of direction in a zigzag course.
Zapper,noun,"a remote control for a television, video, or other piece of electronic equipment."
Zalalah,noun,"arabic word for ""error"""
Zeal,noun,great energy or enthusiasm in pursuit of a cause or an objective.
Zone,noun,"an area or stretch of land having a particular characteristic, purpose, or use, or subject to particular restrictions."
Zigzag,noun,a line or course having abrupt alternate right and left turns.
Zillion,noun,an extremely large number of people or things.
Zenith,noun,the time at which something is most powerful or successful.
Zany,adjective,amusingly unconventional and idiosyncratic.
Zealot,noun,"a person who is fanatical and uncompromising in pursuit of their religious, political, or other ideals."
Zipline,noun,"an inclined cable or rope with a suspended harness, pulley, or handle, down which a person slides for amusement."
Zinah,adjective,an Islamic legal term referring to unlawful sexual intercourse.
Zeppelin,noun,"a large German dirigible airship of the early 20th century, long and cylindrical in shape and with a rigid framework. Zeppelins were used during World War I for reconnaissance and bombing, and after the war as passenger transports until the 1930s."
Zucchini,noun,a green variety of smooth-skinned summer squash.
Zara,noun,clothing brand
Zoro,noun,He is lost
Zorilla,noun,Striped polecat
Zoophilia,noun,"sexual attraction of a human toward a nonhuman animal, which may involve the experience of sexual fantasies about the animal or the pursuit of real sexual contact with it"
Zabaglione,noun,Italian dessert
Zephyr,noun,a soft gentle breeze.
Zen,noun,a Japanese school of Mahayana Buddhism emphasizing the value of meditation and intuition.
Zeal,noun,great energy or enthusiasm in pursuit of a cause or an objective.
Zealful,adjective,full of or inspired by zeal
Zealous,adjective,having or showing zeal.
Zest,noun,"the outer colored part of the peel of citrus fruit, used as flavoring."
Zootrophic,adjective,of or pertaining to the nourishment of animals.
Zinc,noun,"the chemical element of atomic number 30, a silvery-white metal that is a constituent of brass and is used for coating (galvanizing) iron and steel to protect against corrosion."
Zeta,noun,noun
Zygodactyl,adjective,(of a bird's feet) having two toes pointing forward and two backward.
Zip,verb,fasten with a zipper.